mental_process	issue_in	occupation_or_discipline
health_care_activity	associated_with	neoplastic_process
acquired_abnormality	result_of	neoplastic_process
laboratory_procedure	affects	biologic_function
cell_or_molecular_dysfunction	process_of	human
natural_phenomenon_or_process	result_of	anatomical_abnormality
embryonic_structure	issue_in	occupation_or_discipline
cell_component	part_of	cell
amino_acid_peptide_or_protein	interacts_with	eicosanoid
group	exhibits	individual_behavior
anatomical_abnormality	affects	human
mental_or_behavioral_dysfunction	affects	individual_behavior
therapeutic_or_preventive_procedure	affects	cell_or_molecular_dysfunction
neoplastic_process	isa	pathologic_function
element_ion_or_isotope	interacts_with	hormone
hazardous_or_poisonous_substance	disrupts	body_part_organ_or_organ_component
cell_component	location_of	rickettsia_or_chlamydia
research_activity	measures	organism_attribute
therapeutic_or_preventive_procedure	affects	patient_or_disabled_group
organ_or_tissue_function	result_of	human_caused_phenomenon_or_process
virus	interacts_with	fish
neoplastic_process	process_of	plant
mental_process	result_of	behavior
anatomical_abnormality	part_of	reptile
neuroreactive_substance_or_biogenic_amine	affects	experimental_model_of_disease
health_care_related_organization	produces	classification
diagnostic_procedure	issue_in	biomedical_occupation_or_discipline
laboratory_procedure	measures	receptor
genetic_function	result_of	human_caused_phenomenon_or_process
organic_chemical	interacts_with	carbohydrate
phenomenon_or_process	result_of	organ_or_tissue_function
mental_process	result_of	cell_function
finding	manifestation_of	biologic_function
carbohydrate_sequence	issue_in	occupation_or_discipline
cell_or_molecular_dysfunction	complicates	experimental_model_of_disease
fungus	interacts_with	bird
food	affects	cell_or_molecular_dysfunction
virus	interacts_with	rickettsia_or_chlamydia
professional_or_occupational_group	uses	clinical_drug
nucleic_acid_nucleoside_or_nucleotide	interacts_with	steroid
laboratory_procedure	analyzes	biologically_active_substance
cell_component	location_of	injury_or_poisoning
fully_formed_anatomical_structure	issue_in	occupation_or_discipline
pharmacologic_substance	treats	acquired_abnormality
sign_or_symptom	diagnoses	acquired_abnormality
pathologic_function	occurs_in	group
laboratory_procedure	assesses_effect_of	disease_or_syndrome
laboratory_or_test_result	manifestation_of	biologic_function
pharmacologic_substance	issue_in	biomedical_occupation_or_discipline
organic_chemical	interacts_with	indicator_reagent_or_diagnostic_aid
population_group	uses	manufactured_object
physiologic_function	process_of	reptile
receptor	complicates	congenital_abnormality
steroid	causes	acquired_abnormality
injury_or_poisoning	result_of	natural_phenomenon_or_process
clinical_attribute	measurement_of	mental_process
genetic_function	result_of	environmental_effect_of_humans
group	uses	manufactured_object
acquired_abnormality	affects	invertebrate
mental_or_behavioral_dysfunction	occurs_in	professional_or_occupational_group
molecular_biology_research_technique	measures	genetic_function
anatomical_abnormality	result_of	organ_or_tissue_function
experimental_model_of_disease	complicates	congenital_abnormality
population_group	performs	therapeutic_or_preventive_procedure
tissue	location_of	anatomical_abnormality
gene_or_genome	location_of	injury_or_poisoning
population_group	associated_with	mental_or_behavioral_dysfunction
amino_acid_peptide_or_protein	interacts_with	carbohydrate
cell_component	produces	lipid
clinical_attribute	manifestation_of	genetic_function
laboratory_or_test_result	measurement_of	body_substance
laboratory_procedure	measures	biologically_active_substance
experimental_model_of_disease	process_of	archaeon
cell_function	produces	enzyme
organism_attribute	property_of	animal
organism_attribute	result_of	pathologic_function
pharmacologic_substance	treats	injury_or_poisoning
anatomical_abnormality	issue_in	biomedical_occupation_or_discipline
neuroreactive_substance_or_biogenic_amine	complicates	neoplastic_process
clinical_drug	causes	anatomical_abnormality
laboratory_procedure	measures	pharmacologic_substance
gene_or_genome	location_of	mental_process
receptor	affects	biologic_function
fully_formed_anatomical_structure	part_of	mammal
cell_component	adjacent_to	body_space_or_junction
cell_function	affects	invertebrate
cell_function	affects	experimental_model_of_disease
neuroreactive_substance_or_biogenic_amine	affects	molecular_function
clinical_attribute	isa	entity
research_device	causes	neoplastic_process
regulation_or_law	isa	intellectual_product
congenital_abnormality	manifestation_of	physiologic_function
physiologic_function	affects	virus
hormone	complicates	mental_process
congenital_abnormality	part_of	animal
mental_process	affects	alga
professional_or_occupational_group	performs	educational_activity
rickettsia_or_chlamydia	interacts_with	archaeon
experimental_model_of_disease	process_of	biologic_function
group	uses	regulation_or_law
governmental_or_regulatory_activity	method_of	occupation_or_discipline
body_space_or_junction	location_of	injury_or_poisoning
organ_or_tissue_function	conceptual_part_of	temporal_concept
geographic_area	isa	entity
injury_or_poisoning	complicates	mental_or_behavioral_dysfunction
congenital_abnormality	result_of	genetic_function
enzyme	disrupts	physiologic_function
steroid	interacts_with	pharmacologic_substance
fully_formed_anatomical_structure	part_of	bacterium
genetic_function	result_of	natural_phenomenon_or_process
laboratory_procedure	analyzes	eicosanoid
neuroreactive_substance_or_biogenic_amine	affects	physiologic_function
fully_formed_anatomical_structure	produces	neuroreactive_substance_or_biogenic_amine
anatomical_structure	part_of	rickettsia_or_chlamydia
sign_or_symptom	manifestation_of	experimental_model_of_disease
hormone	complicates	molecular_function
steroid	affects	pathologic_function
biologically_active_substance	affects	pathologic_function
element_ion_or_isotope	affects	organism_function
fully_formed_anatomical_structure	produces	organic_chemical
pharmacologic_substance	complicates	pathologic_function
inorganic_chemical	affects	physiologic_function
neuroreactive_substance_or_biogenic_amine	disrupts	cell_component
mental_or_behavioral_dysfunction	produces	enzyme
congenital_abnormality	affects	organism
receptor	complicates	biologic_function
laboratory_or_test_result	issue_in	occupation_or_discipline
mental_or_behavioral_dysfunction	affects	animal
clinical_attribute	property_of	invertebrate
amphibian	isa	entity
organophosphorus_compound	affects	neoplastic_process
injury_or_poisoning	result_of	mental_process
research_activity	measures	biologic_function
age_group	produces	intellectual_product
laboratory_or_test_result	measurement_of	physiologic_function
organism_function	co-occurs_with	cell_function
receptor	causes	anatomical_abnormality
biologic_function	result_of	mental_process
biologically_active_substance	interacts_with	neuroreactive_substance_or_biogenic_amine
laboratory_or_test_result	evaluation_of	biologic_function
reptile	isa	organism
chemical	issue_in	occupation_or_discipline
chemical_viewed_structurally	isa	physical_object
biologically_active_substance	interacts_with	chemical
biologically_active_substance	affects	experimental_model_of_disease
vitamin	disrupts	cell
steroid	affects	mental_or_behavioral_dysfunction
amphibian	interacts_with	archaeon
biologically_active_substance	affects	cell_function
physiologic_function	affects	natural_phenomenon_or_process
lipid	affects	organism_function
carbohydrate	interacts_with	neuroreactive_substance_or_biogenic_amine
professional_or_occupational_group	produces	manufactured_object
clinical_drug	causes	injury_or_poisoning
laboratory_procedure	measures	cell_or_molecular_dysfunction
classification	issue_in	occupation_or_discipline
eicosanoid	interacts_with	biomedical_or_dental_material
laboratory_or_test_result	manifestation_of	cell_or_molecular_dysfunction
enzyme	causes	congenital_abnormality
disease_or_syndrome	process_of	natural_phenomenon_or_process
disease_or_syndrome	result_of	individual_behavior
organism_function	affects	archaeon
hormone	disrupts	mental_process
virus	causes	disease_or_syndrome
family_group	interacts_with	age_group
diagnostic_procedure	assesses_effect_of	chemical
organism_attribute	property_of	archaeon
therapeutic_or_preventive_procedure	associated_with	pathologic_function
quantitative_concept	measurement_of	carbohydrate_sequence
finding	associated_with	anatomical_abnormality
cell_function	result_of	neoplastic_process
cell_function	affects	organism_function
mammal	issue_in	occupation_or_discipline
diagnostic_procedure	isa	health_care_activity
body_part_organ_or_organ_component	connected_to	tissue
diagnostic_procedure	affects	mental_process
acquired_abnormality	result_of	laboratory_procedure
laboratory_procedure	analyzes	chemical_viewed_functionally
pathologic_function	result_of	therapeutic_or_preventive_procedure
hazardous_or_poisonous_substance	issue_in	biomedical_occupation_or_discipline
hazardous_or_poisonous_substance	causes	pathologic_function
social_behavior	manifestation_of	mental_or_behavioral_dysfunction
antibiotic	complicates	anatomical_abnormality
finding	manifestation_of	anatomical_abnormality
physiologic_function	result_of	acquired_abnormality
antibiotic	isa	pharmacologic_substance
bird	isa	animal
molecular_function	isa	phenomenon_or_process
disease_or_syndrome	occurs_in	family_group
clinical_attribute	measurement_of	molecular_function
molecular_sequence	isa	spatial_concept
gene_or_genome	part_of	bacterium
molecular_function	affects	neoplastic_process
mental_process	affects	bird
body_space_or_junction	isa	spatial_concept
hazardous_or_poisonous_substance	complicates	acquired_abnormality
mental_process	process_of	animal
carbohydrate	affects	neoplastic_process
organism_function	result_of	mental_process
anatomical_abnormality	location_of	cell_or_molecular_dysfunction
archaeon	interacts_with	organism
pathologic_function	process_of	archaeon
occupational_activity	associated_with	anatomical_abnormality
neoplastic_process	process_of	animal
nucleic_acid_nucleoside_or_nucleotide	interacts_with	biomedical_or_dental_material
physiologic_function	process_of	cell_function
immunologic_factor	causes	pathologic_function
chemical	isa	substance
cell_or_molecular_dysfunction	issue_in	biomedical_occupation_or_discipline
acquired_abnormality	result_of	anatomical_abnormality
mental_or_behavioral_dysfunction	produces	biologically_active_substance
laboratory_or_test_result	associated_with	experimental_model_of_disease
fully_formed_anatomical_structure	location_of	virus
indicator_reagent_or_diagnostic_aid	issue_in	occupation_or_discipline
cell_or_molecular_dysfunction	complicates	acquired_abnormality
family_group	exhibits	behavior
lipid	interacts_with	neuroreactive_substance_or_biogenic_amine
finding	manifestation_of	injury_or_poisoning
disease_or_syndrome	result_of	genetic_function
disease_or_syndrome	affects	experimental_model_of_disease
neuroreactive_substance_or_biogenic_amine	isa	entity
fungus	interacts_with	reptile
enzyme	affects	disease_or_syndrome
organ_or_tissue_function	process_of	fish
governmental_or_regulatory_activity	associated_with	anatomical_abnormality
molecular_biology_research_technique	associated_with	anatomical_abnormality
human_caused_phenomenon_or_process	result_of	organism_function
professional_or_occupational_group	uses	manufactured_object
diagnostic_procedure	analyzes	vitamin
laboratory_procedure	analyzes	chemical
plant	interacts_with	archaeon
immunologic_factor	complicates	mental_process
organism_function	result_of	injury_or_poisoning
mental_or_behavioral_dysfunction	affects	cell_or_molecular_dysfunction
eicosanoid	interacts_with	immunologic_factor
element_ion_or_isotope	interacts_with	chemical_viewed_functionally
genetic_function	affects	archaeon
pathologic_function	manifestation_of	cell_or_molecular_dysfunction
organism_attribute	measurement_of	organ_or_tissue_function
bird	interacts_with	archaeon
organism_attribute	measurement_of	physiologic_function
alga	location_of	receptor
organism_function	result_of	congenital_abnormality
organism_function	process_of	experimental_model_of_disease
individual_behavior	associated_with	group_attribute
diagnostic_procedure	analyzes	enzyme
fully_formed_anatomical_structure	produces	carbohydrate
molecular_function	affects	animal
receptor	isa	physical_object
organ_or_tissue_function	produces	enzyme
genetic_function	process_of	human
steroid	affects	cell_function
therapeutic_or_preventive_procedure	affects	pathologic_function
congenital_abnormality	manifestation_of	molecular_function
natural_phenomenon_or_process	result_of	mental_or_behavioral_dysfunction
steroid	affects	organ_or_tissue_function
pathologic_function	process_of	reptile
clinical_attribute	result_of	injury_or_poisoning
injury_or_poisoning	complicates	anatomical_abnormality
research_activity	issue_in	biomedical_occupation_or_discipline
medical_device	causes	acquired_abnormality
nucleic_acid_nucleoside_or_nucleotide	affects	experimental_model_of_disease
neoplastic_process	result_of	therapeutic_or_preventive_procedure
professional_or_occupational_group	manages	organization
intellectual_product	issue_in	biomedical_occupation_or_discipline
disease_or_syndrome	occurs_in	age_group
anatomical_abnormality	affects	archaeon
rickettsia_or_chlamydia	location_of	immunologic_factor
biologically_active_substance	issue_in	occupation_or_discipline
hormone	complicates	anatomical_abnormality
food	affects	molecular_function
substance	causes	disease_or_syndrome
chemical_viewed_structurally	interacts_with	element_ion_or_isotope
age_group	performs	health_care_activity
family_group	performs	daily_or_recreational_activity
organic_chemical	affects	organ_or_tissue_function
mental_or_behavioral_dysfunction	manifestation_of	genetic_function
fungus	location_of	biologically_active_substance
clinical_attribute	property_of	bird
molecular_biology_research_technique	isa	event
plant	location_of	hormone
diagnostic_procedure	assesses_effect_of	pharmacologic_substance
neuroreactive_substance_or_biogenic_amine	complicates	injury_or_poisoning
environmental_effect_of_humans	result_of	anatomical_abnormality
manufactured_object	causes	congenital_abnormality
human	interacts_with	archaeon
cell_or_molecular_dysfunction	affects	organ_or_tissue_function
group_attribute	isa	conceptual_entity
genetic_function	affects	plant
idea_or_concept	issue_in	biomedical_occupation_or_discipline
laboratory_procedure	analyzes	carbohydrate
organic_chemical	interacts_with	organophosphorus_compound
natural_phenomenon_or_process	isa	phenomenon_or_process
temporal_concept	issue_in	biomedical_occupation_or_discipline
body_part_organ_or_organ_component	location_of	mental_or_behavioral_dysfunction
rickettsia_or_chlamydia	location_of	enzyme
therapeutic_or_preventive_procedure	affects	physiologic_function
bacterium	interacts_with	animal
genetic_function	affects	vertebrate
pharmacologic_substance	interacts_with	indicator_reagent_or_diagnostic_aid
receptor	affects	cell_function
mental_or_behavioral_dysfunction	affects	physiologic_function
body_part_organ_or_organ_component	location_of	acquired_abnormality
biologic_function	affects	alga
organic_chemical	isa	chemical_viewed_structurally
fully_formed_anatomical_structure	contains	body_substance
professional_or_occupational_group	performs	daily_or_recreational_activity
patient_or_disabled_group	uses	classification
drug_delivery_device	treats	disease_or_syndrome
embryonic_structure	location_of	organ_or_tissue_function
research_device	isa	physical_object
injury_or_poisoning	complicates	cell_or_molecular_dysfunction
health_care_related_organization	carries_out	therapeutic_or_preventive_procedure
immunologic_factor	disrupts	organism_function
vertebrate	interacts_with	bird
neuroreactive_substance_or_biogenic_amine	disrupts	cell_function
cell_or_molecular_dysfunction	result_of	environmental_effect_of_humans
injury_or_poisoning	result_of	phenomenon_or_process
environmental_effect_of_humans	isa	human_caused_phenomenon_or_process
laboratory_or_test_result	evaluation_of	experimental_model_of_disease
hormone	interacts_with	enzyme
rickettsia_or_chlamydia	interacts_with	fish
injury_or_poisoning	issue_in	biomedical_occupation_or_discipline
cell_component	contains	body_substance
therapeutic_or_preventive_procedure	associated_with	disease_or_syndrome
cell_component	produces	enzyme
plant	location_of	receptor
experimental_model_of_disease	result_of	laboratory_procedure
injury_or_poisoning	occurs_in	family_group
immunologic_factor	indicates	mental_or_behavioral_dysfunction
cell_or_molecular_dysfunction	produces	immunologic_factor
physiologic_function	process_of	amphibian
laboratory_procedure	analyzes	antibiotic
biologic_function	result_of	anatomical_abnormality
population_group	associated_with	neoplastic_process
embryonic_structure	isa	entity
molecular_function	process_of	mental_or_behavioral_dysfunction
experimental_model_of_disease	result_of	organ_or_tissue_function
fully_formed_anatomical_structure	produces	eicosanoid
diagnostic_procedure	measures	disease_or_syndrome
organic_chemical	interacts_with	hormone
virus	issue_in	biomedical_occupation_or_discipline
embryonic_structure	location_of	physiologic_function
chemical_viewed_functionally	causes	mental_or_behavioral_dysfunction
antibiotic	diagnoses	cell_or_molecular_dysfunction
vitamin	causes	anatomical_abnormality
sign_or_symptom	manifestation_of	neoplastic_process
individual_behavior	associated_with	mental_or_behavioral_dysfunction
organophosphorus_compound	affects	cell_function
sign_or_symptom	associated_with	acquired_abnormality
gene_or_genome	part_of	cell_component
injury_or_poisoning	result_of	cell_function
vitamin	isa	entity
laboratory_procedure	assesses_effect_of	eicosanoid
individual_behavior	isa	behavior
inorganic_chemical	affects	mental_or_behavioral_dysfunction
age_group	performs	daily_or_recreational_activity
receptor	disrupts	fully_formed_anatomical_structure
anatomical_structure	part_of	virus
congenital_abnormality	isa	anatomical_structure
nucleic_acid_nucleoside_or_nucleotide	causes	neoplastic_process
fully_formed_anatomical_structure	location_of	organ_or_tissue_function
diagnostic_procedure	affects	experimental_model_of_disease
anatomical_abnormality	result_of	therapeutic_or_preventive_procedure
hazardous_or_poisonous_substance	interacts_with	chemical
mental_process	affects	plant
hazardous_or_poisonous_substance	affects	cell_function
body_part_organ_or_organ_component	produces	organophosphorus_compound
eicosanoid	issue_in	occupation_or_discipline
individual_behavior	associated_with	age_group
genetic_function	affects	rickettsia_or_chlamydia
neoplastic_process	result_of	pathologic_function
anatomical_abnormality	isa	entity
neoplastic_process	co-occurs_with	cell_or_molecular_dysfunction
natural_phenomenon_or_process	process_of	neoplastic_process
gene_or_genome	location_of	rickettsia_or_chlamydia
mental_process	process_of	molecular_function
laboratory_procedure	measures	natural_phenomenon_or_process
body_substance	consists_of	steroid
mammal	isa	vertebrate
body_space_or_junction	result_of	mental_process
laboratory_or_test_result	manifestation_of	physiologic_function
organism_function	affects	experimental_model_of_disease
organization	produces	regulation_or_law
hazardous_or_poisonous_substance	affects	natural_phenomenon_or_process
laboratory_procedure	associated_with	injury_or_poisoning
molecular_biology_research_technique	associated_with	disease_or_syndrome
professional_or_occupational_group	diagnoses	disease_or_syndrome
mental_or_behavioral_dysfunction	result_of	behavior
organization	location_of	therapeutic_or_preventive_procedure
organism_function	isa	phenomenon_or_process
carbohydrate_sequence	isa	idea_or_concept
immunologic_factor	ingredient_of	clinical_drug
anatomical_abnormality	result_of	diagnostic_procedure
anatomical_abnormality	part_of	bacterium
laboratory_procedure	affects	genetic_function
hormone	interacts_with	immunologic_factor
hormone	complicates	acquired_abnormality
disease_or_syndrome	process_of	fish
laboratory_procedure	assesses_effect_of	steroid
cell_or_molecular_dysfunction	result_of	injury_or_poisoning
organophosphorus_compound	affects	physiologic_function
congenital_abnormality	result_of	mental_or_behavioral_dysfunction
gene_or_genome	part_of	plant
gene_or_genome	produces	enzyme
cell_or_molecular_dysfunction	process_of	physiologic_function
family_group	performs	health_care_activity
quantitative_concept	measurement_of	mental_process
chemical	causes	cell_or_molecular_dysfunction
mental_or_behavioral_dysfunction	manifestation_of	pathologic_function
neuroreactive_substance_or_biogenic_amine	causes	mental_or_behavioral_dysfunction
organ_or_tissue_function	affects	biologic_function
health_care_related_organization	issue_in	biomedical_occupation_or_discipline
experimental_model_of_disease	manifestation_of	injury_or_poisoning
biologic_function	process_of	cell_function
indicator_reagent_or_diagnostic_aid	affects	natural_phenomenon_or_process
animal	interacts_with	mammal
mental_or_behavioral_dysfunction	affects	vertebrate
sign_or_symptom	co-occurs_with	finding
pathologic_function	manifestation_of	neoplastic_process
amino_acid_peptide_or_protein	affects	natural_phenomenon_or_process
finding	isa	conceptual_entity
vertebrate	interacts_with	amphibian
cell	part_of	human
mental_process	affects	virus
disease_or_syndrome	affects	archaeon
biologically_active_substance	causes	experimental_model_of_disease
molecular_function	result_of	pathologic_function
professional_or_occupational_group	performs	individual_behavior
cell	location_of	anatomical_abnormality
neoplastic_process	process_of	natural_phenomenon_or_process
organ_or_tissue_function	affects	organism_function
cell_function	issue_in	occupation_or_discipline
steroid	affects	physiologic_function
anatomical_abnormality	result_of	cell_function
pharmacologic_substance	affects	molecular_function
human	isa	animal
experimental_model_of_disease	manifestation_of	neoplastic_process
biologic_function	process_of	organism_function
diagnostic_procedure	measures	inorganic_chemical
plant	issue_in	biomedical_occupation_or_discipline
laboratory_procedure	affects	mental_or_behavioral_dysfunction
vitamin	affects	genetic_function
virus	interacts_with	invertebrate
laboratory_procedure	diagnoses	experimental_model_of_disease
health_care_related_organization	location_of	diagnostic_procedure
biologically_active_substance	complicates	injury_or_poisoning
bird	isa	physical_object
organic_chemical	causes	anatomical_abnormality
functional_concept	issue_in	occupation_or_discipline
vitamin	causes	pathologic_function
body_part_organ_or_organ_component	part_of	bacterium
mental_or_behavioral_dysfunction	occurs_in	family_group
organism_function	produces	immunologic_factor
language	isa	entity
body_part_organ_or_organ_component	contains	body_substance
laboratory_procedure	affects	mental_process
steroid	issue_in	occupation_or_discipline
chemical_viewed_structurally	interacts_with	receptor
organic_chemical	interacts_with	chemical
physiologic_function	process_of	biologic_function
neoplastic_process	issue_in	biomedical_occupation_or_discipline
body_location_or_region	location_of	acquired_abnormality
rickettsia_or_chlamydia	interacts_with	invertebrate
social_behavior	issue_in	biomedical_occupation_or_discipline
group_attribute	property_of	population_group
cell_component	produces	nucleic_acid_nucleoside_or_nucleotide
experimental_model_of_disease	result_of	pathologic_function
sign_or_symptom	diagnoses	cell_or_molecular_dysfunction
conceptual_entity	isa	entity
enzyme	causes	anatomical_abnormality
acquired_abnormality	location_of	cell_or_molecular_dysfunction
manufactured_object	isa	physical_object
cell_component	part_of	amphibian
biomedical_or_dental_material	causes	cell_or_molecular_dysfunction
congenital_abnormality	manifestation_of	cell_or_molecular_dysfunction
organophosphorus_compound	affects	pathologic_function
organism_attribute	result_of	mental_or_behavioral_dysfunction
laboratory_or_test_result	indicates	anatomical_abnormality
fish	issue_in	biomedical_occupation_or_discipline
physiologic_function	result_of	congenital_abnormality
machine_activity	issue_in	occupation_or_discipline
natural_phenomenon_or_process	issue_in	occupation_or_discipline
family_group	exhibits	individual_behavior
anatomical_abnormality	complicates	acquired_abnormality
tissue	part_of	human
chemical_viewed_functionally	causes	congenital_abnormality
sign_or_symptom	diagnoses	injury_or_poisoning
vitamin	affects	pathologic_function
acquired_abnormality	affects	physiologic_function
medical_device	prevents	mental_or_behavioral_dysfunction
neuroreactive_substance_or_biogenic_amine	affects	genetic_function
neoplastic_process	issue_in	occupation_or_discipline
population_group	associated_with	disease_or_syndrome
organ_or_tissue_function	process_of	archaeon
chemical_viewed_functionally	interacts_with	hazardous_or_poisonous_substance
patient_or_disabled_group	performs	behavior
body_substance	issue_in	occupation_or_discipline
antibiotic	complicates	organ_or_tissue_function
chemical_viewed_functionally	interacts_with	hormone
injury_or_poisoning	occurs_in	age_group
experimental_model_of_disease	affects	cell_or_molecular_dysfunction
experimental_model_of_disease	process_of	vertebrate
experimental_model_of_disease	complicates	pathologic_function
cell_function	issue_in	biomedical_occupation_or_discipline
organophosphorus_compound	interacts_with	chemical
experimental_model_of_disease	result_of	social_behavior
rickettsia_or_chlamydia	isa	entity
nucleotide_sequence	isa	conceptual_entity
molecular_function	affects	amphibian
research_activity	measures	mental_process
mental_process	affects	bacterium
mental_or_behavioral_dysfunction	result_of	congenital_abnormality
cell_component	conceptual_part_of	body_system
receptor	disrupts	molecular_function
body_space_or_junction	isa	entity
acquired_abnormality	part_of	virus
eicosanoid	interacts_with	indicator_reagent_or_diagnostic_aid
clinical_attribute	result_of	cell_function
organ_or_tissue_function	produces	hormone
antibiotic	affects	cell_or_molecular_dysfunction
cell_function	result_of	environmental_effect_of_humans
embryonic_structure	part_of	vertebrate
body_part_organ_or_organ_component	location_of	cell_function
antibiotic	complicates	cell_or_molecular_dysfunction
chemical_viewed_structurally	affects	experimental_model_of_disease
tissue	issue_in	biomedical_occupation_or_discipline
clinical_attribute	property_of	bacterium
organ_or_tissue_function	result_of	biologic_function
organism_attribute	manifestation_of	genetic_function
receptor	issue_in	occupation_or_discipline
organ_or_tissue_function	process_of	vertebrate
biologic_function	process_of	alga
molecular_function	result_of	natural_phenomenon_or_process
behavior	associated_with	family_group
classification	issue_in	biomedical_occupation_or_discipline
cell_or_molecular_dysfunction	isa	biologic_function
environmental_effect_of_humans	isa	event
steroid	interacts_with	enzyme
laboratory_or_test_result	co-occurs_with	sign_or_symptom
chemical_viewed_functionally	causes	experimental_model_of_disease
fungus	isa	entity
body_space_or_junction	isa	conceptual_entity
fish	isa	organism
neoplastic_process	complicates	injury_or_poisoning
family_group	interacts_with	group
mental_or_behavioral_dysfunction	co-occurs_with	anatomical_abnormality
congenital_abnormality	affects	rickettsia_or_chlamydia
experimental_model_of_disease	affects	archaeon
physiologic_function	issue_in	occupation_or_discipline
chemical_viewed_structurally	issue_in	occupation_or_discipline
group_attribute	property_of	age_group
diagnostic_procedure	measures	quantitative_concept
disease_or_syndrome	result_of	diagnostic_procedure
antibiotic	interacts_with	immunologic_factor
sign_or_symptom	manifestation_of	injury_or_poisoning
laboratory_or_test_result	measurement_of	vitamin
genetic_function	result_of	neoplastic_process
body_location_or_region	location_of	therapeutic_or_preventive_procedure
molecular_function	affects	mammal
hormone	disrupts	organ_or_tissue_function
anatomical_structure	issue_in	occupation_or_discipline
therapeutic_or_preventive_procedure	complicates	organism_function
neoplastic_process	affects	organism_function
amphibian	interacts_with	organism
organism_attribute	measurement_of	mental_process
biologic_function	affects	archaeon
disease_or_syndrome	result_of	biologic_function
laboratory_or_test_result	measurement_of	nucleic_acid_nucleoside_or_nucleotide
tissue	location_of	experimental_model_of_disease
gene_or_genome	produces	carbohydrate
diagnostic_procedure	assesses_effect_of	steroid
inorganic_chemical	interacts_with	hazardous_or_poisonous_substance
cell_or_molecular_dysfunction	result_of	behavior
organism_function	process_of	molecular_function
neuroreactive_substance_or_biogenic_amine	isa	physical_object
hazardous_or_poisonous_substance	isa	entity
laboratory_or_test_result	manifestation_of	injury_or_poisoning
biomedical_or_dental_material	isa	substance
gene_or_genome	location_of	molecular_function
neoplastic_process	result_of	genetic_function
organ_or_tissue_function	co-occurs_with	molecular_function
antibiotic	isa	chemical_viewed_functionally
virus	isa	organism
molecular_function	result_of	human_caused_phenomenon_or_process
organ_or_tissue_function	affects	neoplastic_process
body_location_or_region	location_of	tissue
molecular_function	affects	physiologic_function
molecular_biology_research_technique	measures	clinical_attribute
invertebrate	isa	animal
amino_acid_sequence	isa	entity
cell_component	location_of	organ_or_tissue_function
pathologic_function	affects	invertebrate
steroid	interacts_with	indicator_reagent_or_diagnostic_aid
embryonic_structure	location_of	fungus
enzyme	affects	mental_or_behavioral_dysfunction
antibiotic	interacts_with	hormone
organism_function	affects	fish
nucleic_acid_nucleoside_or_nucleotide	causes	cell_or_molecular_dysfunction
experimental_model_of_disease	process_of	disease_or_syndrome
physiologic_function	affects	biologic_function
professional_society	carries_out	molecular_biology_research_technique
biologic_function	process_of	genetic_function
food	affects	cell_function
neoplastic_process	result_of	health_care_activity
medical_device	issue_in	occupation_or_discipline
biologically_active_substance	causes	acquired_abnormality
organization	location_of	health_care_activity
pathologic_function	affects	neoplastic_process
patient_or_disabled_group	performs	occupational_activity
pharmacologic_substance	treats	neoplastic_process
organism_function	affects	bird
laboratory_or_test_result	manifestation_of	pathologic_function
mental_process	affects	reptile
professional_or_occupational_group	uses	regulation_or_law
fully_formed_anatomical_structure	produces	nucleic_acid_nucleoside_or_nucleotide
body_location_or_region	location_of	congenital_abnormality
research_activity	affects	mental_process
mental_or_behavioral_dysfunction	process_of	reptile
research_activity	associated_with	anatomical_abnormality
social_behavior	affects	mental_process
biologic_function	affects	disease_or_syndrome
organ_or_tissue_function	result_of	cell_or_molecular_dysfunction
organization	location_of	laboratory_procedure
pharmacologic_substance	causes	congenital_abnormality
organophosphorus_compound	interacts_with	carbohydrate
mental_or_behavioral_dysfunction	isa	disease_or_syndrome
biomedical_or_dental_material	causes	injury_or_poisoning
organism_function	process_of	alga
cell_function	process_of	genetic_function
body_substance	causes	congenital_abnormality
health_care_activity	associated_with	pathologic_function
antibiotic	diagnoses	mental_or_behavioral_dysfunction
experimental_model_of_disease	process_of	genetic_function
diagnostic_procedure	analyzes	carbohydrate
biomedical_or_dental_material	issue_in	biomedical_occupation_or_discipline
element_ion_or_isotope	interacts_with	hazardous_or_poisonous_substance
amino_acid_peptide_or_protein	affects	organism_function
eicosanoid	affects	pathologic_function
health_care_related_organization	produces	regulation_or_law
embryonic_structure	location_of	cell_function
governmental_or_regulatory_activity	associated_with	acquired_abnormality
disease_or_syndrome	manifestation_of	organ_or_tissue_function
eicosanoid	affects	organism_function
acquired_abnormality	part_of	organism
drug_delivery_device	isa	physical_object
laboratory_procedure	associated_with	cell_or_molecular_dysfunction
organ_or_tissue_function	result_of	neoplastic_process
pathologic_function	isa	natural_phenomenon_or_process
antibiotic	treats	mental_or_behavioral_dysfunction
family_group	produces	manufactured_object
laboratory_or_test_result	measurement_of	indicator_reagent_or_diagnostic_aid
population_group	isa	entity
human	exhibits	individual_behavior
biologic_function	process_of	plant
occupational_activity	associated_with	acquired_abnormality
diagnostic_procedure	affects	biologic_function
language	issue_in	occupation_or_discipline
biomedical_or_dental_material	affects	pathologic_function
mental_or_behavioral_dysfunction	complicates	injury_or_poisoning
organism_function	produces	neuroreactive_substance_or_biogenic_amine
organ_or_tissue_function	process_of	biologic_function
lipid	affects	neoplastic_process
organophosphorus_compound	causes	pathologic_function
physiologic_function	process_of	natural_phenomenon_or_process
organism_function	result_of	acquired_abnormality
mental_or_behavioral_dysfunction	complicates	congenital_abnormality
molecular_biology_research_technique	measures	organic_chemical
experimental_model_of_disease	result_of	phenomenon_or_process
body_part_organ_or_organ_component	part_of	vertebrate
sign_or_symptom	evaluation_of	molecular_function
antibiotic	causes	injury_or_poisoning
acquired_abnormality	result_of	human_caused_phenomenon_or_process
molecular_biology_research_technique	isa	activity
therapeutic_or_preventive_procedure	complicates	mental_or_behavioral_dysfunction
injury_or_poisoning	result_of	mental_or_behavioral_dysfunction
nucleic_acid_nucleoside_or_nucleotide	affects	organism_function
molecular_function	process_of	fish
sign_or_symptom	manifestation_of	organism_function
occupational_activity	associated_with	congenital_abnormality
organism_function	occurs_in	temporal_concept
human_caused_phenomenon_or_process	result_of	pathologic_function
chemical_viewed_functionally	isa	physical_object
phenomenon_or_process	result_of	cell_or_molecular_dysfunction
tissue	location_of	body_space_or_junction
group	produces	classification
diagnostic_procedure	measures	body_substance
health_care_activity	isa	occupational_activity
cell_or_molecular_dysfunction	process_of	amphibian
molecular_function	process_of	cell_or_molecular_dysfunction
embryonic_structure	part_of	fungus
health_care_related_organization	produces	intellectual_product
pharmacologic_substance	affects	biologic_function
age_group	uses	intellectual_product
research_activity	measures	antibiotic
organophosphorus_compound	interacts_with	eicosanoid
laboratory_procedure	assesses_effect_of	antibiotic
geographic_area	associated_with	neoplastic_process
element_ion_or_isotope	affects	natural_phenomenon_or_process
pathologic_function	manifestation_of	physiologic_function
pharmacologic_substance	affects	pathologic_function
individual_behavior	isa	activity
population_group	interacts_with	group
biologically_active_substance	isa	physical_object
gene_or_genome	location_of	virus
immunologic_factor	disrupts	organ_or_tissue_function
cell_function	process_of	pathologic_function
lipid	affects	mental_or_behavioral_dysfunction
disease_or_syndrome	affects	mental_process
pharmacologic_substance	disrupts	organ_or_tissue_function
qualitative_concept	evaluation_of	diagnostic_procedure
acquired_abnormality	manifestation_of	genetic_function
experimental_model_of_disease	issue_in	occupation_or_discipline
cell	part_of	bacterium
cell_component	part_of	fish
body_part_organ_or_organ_component	part_of	plant
molecular_biology_research_technique	isa	research_activity
amphibian	isa	physical_object
tissue	produces	carbohydrate
governmental_or_regulatory_activity	isa	activity
natural_phenomenon_or_process	result_of	mental_process
organophosphorus_compound	affects	organ_or_tissue_function
sign_or_symptom	associated_with	mental_or_behavioral_dysfunction
physiologic_function	affects	organism
cell_or_molecular_dysfunction	process_of	vertebrate
antibiotic	prevents	experimental_model_of_disease
experimental_model_of_disease	manifestation_of	cell_function
biologic_function	affects	experimental_model_of_disease
experimental_model_of_disease	process_of	invertebrate
gene_or_genome	isa	entity
congenital_abnormality	affects	alga
laboratory_procedure	assesses_effect_of	mental_process
neuroreactive_substance_or_biogenic_amine	complicates	anatomical_abnormality
mental_process	process_of	neoplastic_process
organism_attribute	manifestation_of	physiologic_function
tissue	location_of	mental_process
immunologic_factor	affects	experimental_model_of_disease
chemical_viewed_structurally	interacts_with	nucleic_acid_nucleoside_or_nucleotide
antibiotic	affects	pathologic_function
carbohydrate	isa	organic_chemical
food	causes	congenital_abnormality
laboratory_procedure	measures	vitamin
carbohydrate	interacts_with	hazardous_or_poisonous_substance
molecular_function	isa	natural_phenomenon_or_process
health_care_activity	issue_in	occupation_or_discipline
laboratory_procedure	diagnoses	neoplastic_process
pathologic_function	occurs_in	family_group
congenital_abnormality	affects	organ_or_tissue_function
laboratory_procedure	measures	experimental_model_of_disease
professional_or_occupational_group	performs	governmental_or_regulatory_activity
neuroreactive_substance_or_biogenic_amine	disrupts	mental_process
molecular_sequence	issue_in	biomedical_occupation_or_discipline
self_help_or_relief_organization	carries_out	educational_activity
nucleic_acid_nucleoside_or_nucleotide	ingredient_of	clinical_drug
lipid	interacts_with	chemical_viewed_functionally
therapeutic_or_preventive_procedure	affects	mental_or_behavioral_dysfunction
pharmacologic_substance	diagnoses	cell_or_molecular_dysfunction
experimental_model_of_disease	occurs_in	disease_or_syndrome
carbohydrate	interacts_with	hormone
immunologic_factor	complicates	acquired_abnormality
health_care_activity	isa	activity
governmental_or_regulatory_activity	associated_with	neoplastic_process
phenomenon_or_process	result_of	pathologic_function
carbohydrate	interacts_with	immunologic_factor
neoplastic_process	process_of	fish
age_group	isa	conceptual_entity
cell_component	location_of	diagnostic_procedure
virus	causes	neoplastic_process
acquired_abnormality	manifestation_of	mental_process
diagnostic_procedure	isa	event
biologically_active_substance	isa	chemical
molecular_biology_research_technique	measures	organism_attribute
professional_or_occupational_group	practices	biomedical_occupation_or_discipline
professional_society	location_of	research_activity
laboratory_procedure	assesses_effect_of	chemical_viewed_structurally
molecular_biology_research_technique	measures	mental_or_behavioral_dysfunction
neuroreactive_substance_or_biogenic_amine	isa	substance
reptile	exhibits	behavior
invertebrate	isa	entity
natural_phenomenon_or_process	affects	organ_or_tissue_function
tissue	surrounds	body_substance
organization	location_of	occupational_activity
vitamin	interacts_with	indicator_reagent_or_diagnostic_aid
disease_or_syndrome	process_of	bacterium
disease_or_syndrome	affects	rickettsia_or_chlamydia
physiologic_function	produces	receptor
chemical	causes	pathologic_function
biologic_function	process_of	organism
chemical_viewed_structurally	interacts_with	eicosanoid
neoplastic_process	affects	plant
food	isa	substance
lipid	interacts_with	chemical
organization	location_of	diagnostic_procedure
acquired_abnormality	location_of	rickettsia_or_chlamydia
self_help_or_relief_organization	carries_out	research_activity
diagnostic_procedure	analyzes	antibiotic
receptor	disrupts	embryonic_structure
physiologic_function	affects	organ_or_tissue_function
organism_function	co-occurs_with	mental_process
cell	part_of	amphibian
antibiotic	complicates	neoplastic_process
amino_acid_peptide_or_protein	causes	cell_or_molecular_dysfunction
chemical_viewed_structurally	interacts_with	neuroreactive_substance_or_biogenic_amine
hormone	causes	congenital_abnormality
laboratory_procedure	measures	pathologic_function
pathologic_function	affects	rickettsia_or_chlamydia
organism_attribute	issue_in	occupation_or_discipline
pathologic_function	process_of	organ_or_tissue_function
biologically_active_substance	interacts_with	immunologic_factor
fungus	interacts_with	virus
congenital_abnormality	result_of	cell_or_molecular_dysfunction
biologically_active_substance	disrupts	fully_formed_anatomical_structure
organic_chemical	interacts_with	biomedical_or_dental_material
population_group	produces	regulation_or_law
physiologic_function	produces	body_substance
laboratory_procedure	measures	chemical_viewed_functionally
experimental_model_of_disease	process_of	physiologic_function
biologic_function	affects	bird
organism_function	produces	biologically_active_substance
steroid	affects	genetic_function
organism_function	affects	molecular_function
genetic_function	process_of	invertebrate
congenital_abnormality	occurs_in	population_group
amino_acid_peptide_or_protein	affects	neoplastic_process
biomedical_or_dental_material	interacts_with	receptor
biologic_function	affects	bacterium
cell_or_molecular_dysfunction	result_of	mental_or_behavioral_dysfunction
social_behavior	associated_with	patient_or_disabled_group
regulation_or_law	affects	group
body_part_organ_or_organ_component	location_of	congenital_abnormality
embryonic_structure	location_of	cell_or_molecular_dysfunction
acquired_abnormality	manifestation_of	mental_or_behavioral_dysfunction
fully_formed_anatomical_structure	location_of	organism_function
mental_or_behavioral_dysfunction	process_of	experimental_model_of_disease
chemical_viewed_functionally	issue_in	biomedical_occupation_or_discipline
receptor	affects	organ_or_tissue_function
anatomical_structure	isa	entity
sign_or_symptom	evaluation_of	physiologic_function
carbohydrate	ingredient_of	clinical_drug
disease_or_syndrome	occurs_in	injury_or_poisoning
mental_or_behavioral_dysfunction	produces	tissue
neoplastic_process	manifestation_of	organism_function
therapeutic_or_preventive_procedure	prevents	cell_or_molecular_dysfunction
inorganic_chemical	isa	substance
patient_or_disabled_group	performs	therapeutic_or_preventive_procedure
health_care_related_organization	issue_in	occupation_or_discipline
neoplastic_process	process_of	mental_or_behavioral_dysfunction
neuroreactive_substance_or_biogenic_amine	affects	cell_function
diagnostic_procedure	associated_with	anatomical_abnormality
physiologic_function	process_of	genetic_function
pathologic_function	complicates	disease_or_syndrome
pharmacologic_substance	treats	experimental_model_of_disease
organism_attribute	measurement_of	cell_function
gene_or_genome	location_of	congenital_abnormality
behavior	associated_with	clinical_attribute
body_part_organ_or_organ_component	location_of	molecular_function
sign_or_symptom	manifestation_of	biologic_function
lipid	isa	entity
food	affects	genetic_function
gene_or_genome	part_of	mammal
social_behavior	associated_with	age_group
mental_process	co-occurs_with	cell_function
neoplastic_process	process_of	cell_function
antibiotic	issue_in	occupation_or_discipline
antibiotic	treats	injury_or_poisoning
manufactured_object	causes	pathologic_function
neoplastic_process	affects	experimental_model_of_disease
hazardous_or_poisonous_substance	affects	neoplastic_process
cell_component	location_of	biologic_function
molecular_function	affects	fish
neoplastic_process	produces	immunologic_factor
carbohydrate_sequence	isa	molecular_sequence
immunologic_factor	affects	neoplastic_process
tissue	location_of	injury_or_poisoning
physiologic_function	process_of	mental_process
pathologic_function	complicates	cell_or_molecular_dysfunction
cell_function	result_of	physiologic_function
laboratory_procedure	measures	disease_or_syndrome
laboratory_or_test_result	co-occurs_with	finding
natural_phenomenon_or_process	process_of	cell_function
antibiotic	isa	physical_object
biomedical_or_dental_material	affects	mental_process
laboratory_or_test_result	manifestation_of	molecular_function
experimental_model_of_disease	occurs_in	age_group
carbohydrate	causes	congenital_abnormality
cell_function	process_of	bacterium
genetic_function	affects	bacterium
anatomical_abnormality	part_of	plant
hazardous_or_poisonous_substance	disrupts	organ_or_tissue_function
hormone	causes	neoplastic_process
laboratory_or_test_result	manifestation_of	neoplastic_process
neoplastic_process	process_of	bird
molecular_biology_research_technique	associated_with	neoplastic_process
cell_function	result_of	organ_or_tissue_function
body_part_organ_or_organ_component	location_of	bacterium
medical_device	prevents	injury_or_poisoning
amphibian	exhibits	behavior
genetic_function	affects	animal
fish	exhibits	behavior
amino_acid_peptide_or_protein	interacts_with	hormone
organ_or_tissue_function	result_of	cell_function
neoplastic_process	affects	biologic_function
group	issue_in	occupation_or_discipline
biologically_active_substance	disrupts	gene_or_genome
disease_or_syndrome	isa	pathologic_function
body_substance	part_of	body_part_organ_or_organ_component
pharmacologic_substance	affects	organ_or_tissue_function
tissue	produces	body_substance
cell_or_molecular_dysfunction	produces	receptor
organ_or_tissue_function	affects	clinical_attribute
mental_or_behavioral_dysfunction	produces	vitamin
molecular_function	affects	fungus
therapeutic_or_preventive_procedure	associated_with	anatomical_abnormality
receptor	affects	natural_phenomenon_or_process
functional_concept	result_of	mental_process
organ_or_tissue_function	process_of	plant
mental_or_behavioral_dysfunction	result_of	molecular_function
cell_function	process_of	reptile
reptile	isa	physical_object
vitamin	disrupts	organism_function
medical_device	isa	physical_object
genetic_function	produces	receptor
embryonic_structure	location_of	molecular_function
laboratory_or_test_result	manifestation_of	mental_process
enzyme	isa	chemical
diagnostic_procedure	method_of	biomedical_occupation_or_discipline
gene_or_genome	produces	nucleic_acid_nucleoside_or_nucleotide
mental_process	affects	invertebrate
physiologic_function	affects	cell_or_molecular_dysfunction
human	isa	entity
sign_or_symptom	diagnoses	neoplastic_process
organophosphorus_compound	causes	mental_or_behavioral_dysfunction
disease_or_syndrome	affects	genetic_function
acquired_abnormality	manifestation_of	neoplastic_process
carbohydrate	causes	acquired_abnormality
individual_behavior	associated_with	family_group
laboratory_procedure	measures	organophosphorus_compound
laboratory_or_test_result	measurement_of	molecular_function
molecular_function	result_of	mental_process
diagnostic_procedure	measures	natural_phenomenon_or_process
embryonic_structure	part_of	alga
acquired_abnormality	manifestation_of	organ_or_tissue_function
organ_or_tissue_function	produces	vitamin
disease_or_syndrome	co-occurs_with	anatomical_abnormality
health_care_activity	associated_with	anatomical_abnormality
cell	produces	immunologic_factor
hormone	affects	biologic_function
molecular_biology_research_technique	method_of	occupation_or_discipline
immunologic_factor	complicates	congenital_abnormality
pharmacologic_substance	disrupts	cell_function
enzyme	disrupts	organ_or_tissue_function
antibiotic	complicates	congenital_abnormality
pathologic_function	result_of	congenital_abnormality
biomedical_or_dental_material	causes	pathologic_function
organic_chemical	causes	injury_or_poisoning
congenital_abnormality	part_of	amphibian
clinical_attribute	property_of	animal
embryonic_structure	location_of	bacterium
pharmacologic_substance	prevents	disease_or_syndrome
laboratory_or_test_result	measurement_of	antibiotic
lipid	affects	cell_or_molecular_dysfunction
governmental_or_regulatory_activity	issue_in	biomedical_occupation_or_discipline
governmental_or_regulatory_activity	issue_in	occupation_or_discipline
element_ion_or_isotope	affects	cell_or_molecular_dysfunction
diagnostic_procedure	measures	element_ion_or_isotope
laboratory_procedure	assesses_effect_of	genetic_function
organophosphorus_compound	affects	natural_phenomenon_or_process
carbohydrate	issue_in	occupation_or_discipline
genetic_function	process_of	organism
tissue	produces	lipid
molecular_biology_research_technique	measures	quantitative_concept
behavior	affects	social_behavior
biomedical_or_dental_material	isa	chemical
alga	interacts_with	bacterium
immunologic_factor	affects	genetic_function
cell_or_molecular_dysfunction	affects	biologic_function
laboratory_or_test_result	evaluation_of	organism_function
element_ion_or_isotope	affects	molecular_function
diagnostic_procedure	assesses_effect_of	inorganic_chemical
organ_or_tissue_function	isa	natural_phenomenon_or_process
diagnostic_procedure	measures	lipid
diagnostic_procedure	uses	research_device
acquired_abnormality	result_of	pathologic_function
pharmacologic_substance	affects	natural_phenomenon_or_process
age_group	performs	behavior
acquired_abnormality	result_of	behavior
professional_or_occupational_group	uses	drug_delivery_device
professional_or_occupational_group	produces	research_device
genetic_function	affects	mental_process
experimental_model_of_disease	associated_with	clinical_attribute
congenital_abnormality	result_of	biologic_function
geographic_area	associated_with	acquired_abnormality
biologic_function	result_of	experimental_model_of_disease
neoplastic_process	produces	vitamin
cell_or_molecular_dysfunction	result_of	cell_function
indicator_reagent_or_diagnostic_aid	causes	congenital_abnormality
organism_function	affects	bacterium
bird	isa	vertebrate
alga	interacts_with	invertebrate
anatomical_structure	part_of	human
disease_or_syndrome	process_of	mammal
regulation_or_law	isa	conceptual_entity
bird	issue_in	occupation_or_discipline
pharmacologic_substance	isa	entity
acquired_abnormality	affects	cell_function
population_group	performs	social_behavior
steroid	isa	entity
organism_attribute	property_of	vertebrate
biomedical_or_dental_material	interacts_with	hormone
pharmacologic_substance	disrupts	body_part_organ_or_organ_component
mental_process	process_of	bird
laboratory_procedure	measures	organ_or_tissue_function
clinical_attribute	result_of	physiologic_function
biologically_active_substance	complicates	molecular_function
receptor	complicates	mental_process
experimental_model_of_disease	complicates	mental_or_behavioral_dysfunction
behavior	associated_with	biomedical_occupation_or_discipline
antibiotic	affects	mental_or_behavioral_dysfunction
food	issue_in	biomedical_occupation_or_discipline
enzyme	isa	entity
neuroreactive_substance_or_biogenic_amine	complicates	biologic_function
receptor	disrupts	genetic_function
biologic_function	result_of	injury_or_poisoning
patient_or_disabled_group	exhibits	social_behavior
acquired_abnormality	result_of	biologic_function
neoplastic_process	affects	genetic_function
behavior	associated_with	group
professional_or_occupational_group	performs	research_activity
embryonic_structure	location_of	rickettsia_or_chlamydia
disease_or_syndrome	isa	biologic_function
cell_component	location_of	physiologic_function
bird	isa	entity
organism_function	process_of	virus
gene_or_genome	part_of	archaeon
cell_component	affects	cell_function
diagnostic_procedure	associated_with	neoplastic_process
fungus	location_of	receptor
mental_or_behavioral_dysfunction	affects	plant
genetic_function	result_of	physiologic_function
organophosphorus_compound	isa	chemical_viewed_structurally
element_ion_or_isotope	interacts_with	enzyme
gene_or_genome	issue_in	biomedical_occupation_or_discipline
cell	location_of	genetic_function
group	performs	research_activity
fish	issue_in	occupation_or_discipline
sign_or_symptom	evaluation_of	disease_or_syndrome
body_space_or_junction	location_of	cell_component
therapeutic_or_preventive_procedure	isa	event
physiologic_function	process_of	cell_or_molecular_dysfunction
acquired_abnormality	manifestation_of	physiologic_function
experimental_model_of_disease	produces	receptor
hormone	interacts_with	receptor
receptor	affects	mental_process
acquired_abnormality	affects	bird
research_activity	measures	organism_function
molecular_function	process_of	amphibian
natural_phenomenon_or_process	process_of	experimental_model_of_disease
clinical_drug	causes	cell_or_molecular_dysfunction
organism_function	result_of	mental_or_behavioral_dysfunction
indicator_reagent_or_diagnostic_aid	causes	neoplastic_process
steroid	affects	cell_or_molecular_dysfunction
research_device	issue_in	occupation_or_discipline
organic_chemical	interacts_with	eicosanoid
clinical_attribute	property_of	reptile
molecular_sequence	issue_in	occupation_or_discipline
individual_behavior	associated_with	occupation_or_discipline
sign_or_symptom	diagnoses	mental_or_behavioral_dysfunction
medical_device	treats	disease_or_syndrome
steroid	causes	pathologic_function
molecular_biology_research_technique	measures	neoplastic_process
natural_phenomenon_or_process	affects	physiologic_function
pharmacologic_substance	complicates	cell_or_molecular_dysfunction
professional_or_occupational_group	produces	drug_delivery_device
anatomical_abnormality	affects	bacterium
tissue	part_of	fish
laboratory_procedure	measures	clinical_attribute
biologic_function	result_of	natural_phenomenon_or_process
neoplastic_process	associated_with	experimental_model_of_disease
physiologic_function	produces	hormone
congenital_abnormality	location_of	pathologic_function
fungus	interacts_with	organism
cell	part_of	plant
clinical_attribute	measurement_of	organ_or_tissue_function
genetic_function	affects	experimental_model_of_disease
vertebrate	isa	organism
biomedical_or_dental_material	affects	biologic_function
body_part_organ_or_organ_component	location_of	organism_function
vitamin	complicates	experimental_model_of_disease
occupation_or_discipline	isa	conceptual_entity
cell_or_molecular_dysfunction	affects	animal
mental_process	affects	mammal
fully_formed_anatomical_structure	isa	entity
therapeutic_or_preventive_procedure	treats	congenital_abnormality
cell_function	produces	hormone
congenital_abnormality	part_of	bird
drug_delivery_device	isa	entity
neoplastic_process	process_of	amphibian
bacterium	interacts_with	reptile
experimental_model_of_disease	result_of	biologic_function
natural_phenomenon_or_process	affects	organism_function
acquired_abnormality	manifestation_of	pathologic_function
biologically_active_substance	interacts_with	indicator_reagent_or_diagnostic_aid
laboratory_or_test_result	associated_with	neoplastic_process
age_group	uses	drug_delivery_device
molecular_function	affects	organ_or_tissue_function
biologically_active_substance	disrupts	physiologic_function
organism_function	affects	neoplastic_process
nucleic_acid_nucleoside_or_nucleotide	affects	mental_process
therapeutic_or_preventive_procedure	affects	cell_function
eicosanoid	interacts_with	neuroreactive_substance_or_biogenic_amine
vitamin	causes	congenital_abnormality
carbohydrate	affects	genetic_function
organophosphorus_compound	interacts_with	hormone
human	isa	physical_object
injury_or_poisoning	result_of	cell_or_molecular_dysfunction
neoplastic_process	process_of	disease_or_syndrome
natural_phenomenon_or_process	result_of	congenital_abnormality
machine_activity	method_of	laboratory_procedure
receptor	causes	mental_or_behavioral_dysfunction
neuroreactive_substance_or_biogenic_amine	causes	injury_or_poisoning
therapeutic_or_preventive_procedure	treats	experimental_model_of_disease
amino_acid_peptide_or_protein	interacts_with	pharmacologic_substance
therapeutic_or_preventive_procedure	isa	activity
vitamin	interacts_with	receptor
amino_acid_peptide_or_protein	isa	entity
antibiotic	affects	neoplastic_process
pathologic_function	result_of	diagnostic_procedure
clinical_attribute	property_of	amphibian
molecular_function	affects	bird
clinical_attribute	result_of	environmental_effect_of_humans
anatomical_abnormality	occurs_in	family_group
enzyme	interacts_with	immunologic_factor
cell_or_molecular_dysfunction	result_of	neoplastic_process
cell	location_of	organ_or_tissue_function
nucleic_acid_nucleoside_or_nucleotide	affects	neoplastic_process
cell	part_of	tissue
diagnostic_procedure	associated_with	cell_or_molecular_dysfunction
mental_process	produces	immunologic_factor
genetic_function	result_of	experimental_model_of_disease
organism_function	affects	mental_process
family_group	uses	classification
indicator_reagent_or_diagnostic_aid	isa	physical_object
acquired_abnormality	affects	rickettsia_or_chlamydia
organic_chemical	causes	pathologic_function
cell_component	location_of	molecular_function
immunologic_factor	disrupts	physiologic_function
neoplastic_process	affects	organism
diagnostic_procedure	assesses_effect_of	hormone
neuroreactive_substance_or_biogenic_amine	complicates	molecular_function
fungus	interacts_with	bacterium
therapeutic_or_preventive_procedure	complicates	disease_or_syndrome
patient_or_disabled_group	performs	individual_behavior
chemical_viewed_functionally	affects	organism_function
mental_or_behavioral_dysfunction	associated_with	experimental_model_of_disease
amino_acid_sequence	result_of	mental_process
chemical_viewed_structurally	interacts_with	immunologic_factor
amphibian	exhibits	social_behavior
pathologic_function	associated_with	organism_attribute
chemical_viewed_functionally	interacts_with	vitamin
patient_or_disabled_group	performs	laboratory_procedure
disease_or_syndrome	manifestation_of	experimental_model_of_disease
body_space_or_junction	location_of	organ_or_tissue_function
cell_function	affects	human
virus	location_of	immunologic_factor
disease_or_syndrome	isa	natural_phenomenon_or_process
organic_chemical	interacts_with	enzyme
biologic_function	isa	event
laboratory_procedure	analyzes	biomedical_or_dental_material
carbohydrate	interacts_with	indicator_reagent_or_diagnostic_aid
organ_or_tissue_function	result_of	genetic_function
professional_or_occupational_group	performs	therapeutic_or_preventive_procedure
pathologic_function	produces	receptor
medical_device	causes	injury_or_poisoning
eicosanoid	causes	disease_or_syndrome
genetic_function	isa	biologic_function
temporal_concept	conceptual_part_of	organism_function
physical_object	issue_in	biomedical_occupation_or_discipline
injury_or_poisoning	result_of	health_care_activity
pathologic_function	result_of	anatomical_abnormality
laboratory_procedure	issue_in	occupation_or_discipline
cell_or_molecular_dysfunction	affects	experimental_model_of_disease
mental_or_behavioral_dysfunction	process_of	human
carbohydrate	affects	organ_or_tissue_function
cell_component	part_of	virus
vitamin	ingredient_of	clinical_drug
biologically_active_substance	affects	organ_or_tissue_function
congenital_abnormality	part_of	human
chemical_viewed_structurally	causes	anatomical_abnormality
drug_delivery_device	prevents	experimental_model_of_disease
antibiotic	complicates	molecular_function
laboratory_or_test_result	measurement_of	neuroreactive_substance_or_biogenic_amine
inorganic_chemical	affects	natural_phenomenon_or_process
research_activity	measures	cell_or_molecular_dysfunction
cell_or_molecular_dysfunction	process_of	mental_or_behavioral_dysfunction
fungus	causes	pathologic_function
diagnostic_procedure	measures	genetic_function
behavior	issue_in	occupation_or_discipline
pharmacologic_substance	diagnoses	disease_or_syndrome
organic_chemical	issue_in	biomedical_occupation_or_discipline
vitamin	complicates	congenital_abnormality
element_ion_or_isotope	interacts_with	biomedical_or_dental_material
research_activity	method_of	biomedical_occupation_or_discipline
injury_or_poisoning	result_of	physiologic_function
cell_component	part_of	mammal
organism_attribute	result_of	phenomenon_or_process
neuroreactive_substance_or_biogenic_amine	affects	organ_or_tissue_function
body_part_organ_or_organ_component	part_of	invertebrate
antibiotic	affects	genetic_function
anatomical_abnormality	affects	organism_function
phenomenon_or_process	result_of	environmental_effect_of_humans
congenital_abnormality	issue_in	biomedical_occupation_or_discipline
experimental_model_of_disease	process_of	pathologic_function
occupational_activity	issue_in	occupation_or_discipline
diagnostic_procedure	measures	neoplastic_process
lipid	interacts_with	eicosanoid
embryonic_structure	part_of	organism
organ_or_tissue_function	result_of	physiologic_function
family_group	performs	activity
pharmacologic_substance	prevents	pathologic_function
individual_behavior	affects	behavior
hormone	disrupts	embryonic_structure
injury_or_poisoning	disrupts	mental_process
congenital_abnormality	part_of	archaeon
eicosanoid	affects	organ_or_tissue_function
organization	issue_in	biomedical_occupation_or_discipline
eicosanoid	interacts_with	antibiotic
genetic_function	result_of	injury_or_poisoning
immunologic_factor	complicates	biologic_function
biomedical_or_dental_material	interacts_with	vitamin
virus	location_of	enzyme
physiologic_function	affects	neoplastic_process
hormone	affects	cell_or_molecular_dysfunction
neuroreactive_substance_or_biogenic_amine	disrupts	molecular_function
cell_or_molecular_dysfunction	isa	pathologic_function
amino_acid_peptide_or_protein	affects	pathologic_function
body_part_organ_or_organ_component	location_of	rickettsia_or_chlamydia
hormone	affects	mental_or_behavioral_dysfunction
organism_function	affects	animal
quantitative_concept	issue_in	biomedical_occupation_or_discipline
amino_acid_peptide_or_protein	interacts_with	indicator_reagent_or_diagnostic_aid
alga	location_of	neuroreactive_substance_or_biogenic_amine
diagnostic_procedure	associated_with	acquired_abnormality
cell_function	affects	molecular_function
organophosphorus_compound	interacts_with	inorganic_chemical
machine_activity	issue_in	biomedical_occupation_or_discipline
chemical_viewed_functionally	affects	pathologic_function
element_ion_or_isotope	affects	organ_or_tissue_function
laboratory_or_test_result	isa	entity
individual_behavior	issue_in	biomedical_occupation_or_discipline
laboratory_procedure	assesses_effect_of	organophosphorus_compound
pharmacologic_substance	affects	disease_or_syndrome
disease_or_syndrome	complicates	pathologic_function
biologically_active_substance	disrupts	genetic_function
organism_function	process_of	neoplastic_process
body_part_organ_or_organ_component	part_of	mammal
anatomical_abnormality	part_of	mammal
neuroreactive_substance_or_biogenic_amine	causes	acquired_abnormality
antibiotic	causes	acquired_abnormality
organ_or_tissue_function	isa	physiologic_function
cell_component	part_of	body_part_organ_or_organ_component
self_help_or_relief_organization	manages	patient_or_disabled_group
family_group	produces	drug_delivery_device
mental_process	co-occurs_with	physiologic_function
organism_function	result_of	physiologic_function
biologically_active_substance	affects	genetic_function
finding	associated_with	acquired_abnormality
neoplastic_process	affects	natural_phenomenon_or_process
body_space_or_junction	location_of	organism_function
human	exhibits	behavior
occupational_activity	associated_with	cell_or_molecular_dysfunction
gene_or_genome	part_of	fungus
pathologic_function	result_of	social_behavior
cell_or_molecular_dysfunction	manifestation_of	physiologic_function
professional_or_occupational_group	diagnoses	cell_or_molecular_dysfunction
genetic_function	affects	cell_or_molecular_dysfunction
hazardous_or_poisonous_substance	disrupts	embryonic_structure
clinical_attribute	result_of	experimental_model_of_disease
natural_phenomenon_or_process	isa	event
occupational_activity	associated_with	mental_or_behavioral_dysfunction
occupational_activity	isa	event
pathologic_function	affects	fungus
organ_or_tissue_function	affects	animal
body_substance	consists_of	eicosanoid
element_ion_or_isotope	affects	pathologic_function
laboratory_procedure	analyzes	organic_chemical
diagnostic_procedure	affects	cell_function
experimental_model_of_disease	manifestation_of	disease_or_syndrome
quantitative_concept	measurement_of	cell_function
indicator_reagent_or_diagnostic_aid	ingredient_of	clinical_drug
immunologic_factor	causes	injury_or_poisoning
group_attribute	isa	entity
family_group	uses	clinical_drug
neoplastic_process	manifestation_of	genetic_function
laboratory_procedure	assesses_effect_of	enzyme
disease_or_syndrome	associated_with	pathologic_function
gene_or_genome	issue_in	occupation_or_discipline
organophosphorus_compound	interacts_with	vitamin
pathologic_function	affects	archaeon
patient_or_disabled_group	produces	medical_device
inorganic_chemical	affects	cell_function
body_substance	ingredient_of	clinical_drug
congenital_abnormality	co-occurs_with	acquired_abnormality
invertebrate	causes	cell_or_molecular_dysfunction
body_space_or_junction	contains	body_part_organ_or_organ_component
molecular_function	affects	genetic_function
organ_or_tissue_function	affects	physiologic_function
acquired_abnormality	manifestation_of	molecular_function
nucleic_acid_nucleoside_or_nucleotide	affects	cell_function
spatial_concept	issue_in	occupation_or_discipline
molecular_function	process_of	virus
cell_or_molecular_dysfunction	produces	hormone
laboratory_procedure	assesses_effect_of	chemical
diagnostic_procedure	associated_with	mental_or_behavioral_dysfunction
cell_or_molecular_dysfunction	process_of	organism_function
disease_or_syndrome	isa	event
neoplastic_process	result_of	diagnostic_procedure
virus	isa	physical_object
physical_object	issue_in	occupation_or_discipline
experimental_model_of_disease	affects	bacterium
cell_function	process_of	cell_or_molecular_dysfunction
congenital_abnormality	co-occurs_with	anatomical_abnormality
receptor	complicates	physiologic_function
organism_attribute	result_of	neoplastic_process
vitamin	complicates	molecular_function
bacterium	interacts_with	bird
qualitative_concept	isa	idea_or_concept
cell_or_molecular_dysfunction	manifestation_of	organism_function
antibiotic	affects	organ_or_tissue_function
diagnostic_procedure	diagnoses	acquired_abnormality
mental_process	isa	organism_function
daily_or_recreational_activity	associated_with	cell_or_molecular_dysfunction
neoplastic_process	co-occurs_with	acquired_abnormality
vitamin	complicates	pathologic_function
antibiotic	treats	experimental_model_of_disease
mental_or_behavioral_dysfunction	affects	rickettsia_or_chlamydia
mental_or_behavioral_dysfunction	associated_with	organism_attribute
physiologic_function	result_of	mental_process
professional_or_occupational_group	exhibits	individual_behavior
antibiotic	affects	natural_phenomenon_or_process
experimental_model_of_disease	result_of	individual_behavior
physiologic_function	result_of	cell_or_molecular_dysfunction
group	performs	therapeutic_or_preventive_procedure
medical_device	treats	injury_or_poisoning
gene_or_genome	produces	body_substance
genetic_function	issue_in	occupation_or_discipline
sign_or_symptom	evaluation_of	organism_function
pharmacologic_substance	complicates	congenital_abnormality
body_system	issue_in	biomedical_occupation_or_discipline
anatomical_structure	location_of	virus
disease_or_syndrome	result_of	phenomenon_or_process
steroid	affects	experimental_model_of_disease
health_care_activity	affects	molecular_function
therapeutic_or_preventive_procedure	uses	drug_delivery_device
research_activity	measures	lipid
disease_or_syndrome	manifestation_of	organism_function
health_care_related_organization	carries_out	laboratory_procedure
population_group	performs	educational_activity
behavior	associated_with	group_attribute
anatomical_abnormality	manifestation_of	molecular_function
cell_function	affects	cell_or_molecular_dysfunction
acquired_abnormality	occurs_in	patient_or_disabled_group
diagnostic_procedure	associated_with	experimental_model_of_disease
anatomical_abnormality	result_of	mental_process
fully_formed_anatomical_structure	part_of	organism
behavior	associated_with	geographic_area
hazardous_or_poisonous_substance	complicates	injury_or_poisoning
diagnostic_procedure	associated_with	pathologic_function
research_activity	measures	clinical_attribute
phenomenon_or_process	result_of	neoplastic_process
professional_or_occupational_group	uses	medical_device
cell_or_molecular_dysfunction	affects	organism
pharmacologic_substance	complicates	physiologic_function
drug_delivery_device	prevents	pathologic_function
biologic_function	result_of	genetic_function
carbohydrate	affects	cell_function
diagnostic_procedure	assesses_effect_of	biologically_active_substance
gene_or_genome	location_of	organism_function
chemical_viewed_structurally	affects	organ_or_tissue_function
population_group	exhibits	behavior
neuroreactive_substance_or_biogenic_amine	complicates	disease_or_syndrome
immunologic_factor	causes	neoplastic_process
antibiotic	interacts_with	biomedical_or_dental_material
tissue	location_of	diagnostic_procedure
patient_or_disabled_group	uses	manufactured_object
educational_activity	issue_in	occupation_or_discipline
health_care_activity	isa	event
antibiotic	interacts_with	vitamin
physiologic_function	affects	amphibian
organic_chemical	affects	disease_or_syndrome
human_caused_phenomenon_or_process	result_of	cell_function
individual_behavior	result_of	mental_process
body_space_or_junction	location_of	biologic_function
cell_or_molecular_dysfunction	occurs_in	family_group
congenital_abnormality	affects	organism_function
molecular_sequence	isa	idea_or_concept
experimental_model_of_disease	manifestation_of	mental_process
physiologic_function	affects	molecular_function
neoplastic_process	manifestation_of	molecular_function
vitamin	disrupts	body_part_organ_or_organ_component
receptor	causes	acquired_abnormality
injury_or_poisoning	occurs_in	population_group
hazardous_or_poisonous_substance	complicates	mental_or_behavioral_dysfunction
amino_acid_peptide_or_protein	causes	pathologic_function
quantitative_concept	measurement_of	molecular_function
age_group	performs	laboratory_procedure
injury_or_poisoning	isa	phenomenon_or_process
molecular_function	process_of	organ_or_tissue_function
cell	location_of	mental_process
sign_or_symptom	associated_with	pathologic_function
organism_function	process_of	cell_or_molecular_dysfunction
environmental_effect_of_humans	result_of	acquired_abnormality
immunologic_factor	complicates	cell_or_molecular_dysfunction
individual_behavior	associated_with	biomedical_occupation_or_discipline
biologically_active_substance	complicates	disease_or_syndrome
neoplastic_process	affects	bird
anatomical_abnormality	location_of	virus
eicosanoid	interacts_with	receptor
molecular_function	process_of	rickettsia_or_chlamydia
laboratory_procedure	measures	chemical
organism_function	co-occurs_with	molecular_function
cell_function	result_of	mental_or_behavioral_dysfunction
tissue	location_of	cell_or_molecular_dysfunction
qualitative_concept	evaluation_of	daily_or_recreational_activity
research_activity	associated_with	experimental_model_of_disease
pharmacologic_substance	affects	genetic_function
molecular_function	process_of	mammal
social_behavior	associated_with	family_group
body_part_organ_or_organ_component	consists_of	body_substance
carbohydrate_sequence	isa	conceptual_entity
daily_or_recreational_activity	isa	activity
neoplastic_process	result_of	organism_function
congenital_abnormality	affects	cell_function
experimental_model_of_disease	result_of	molecular_function
organophosphorus_compound	affects	disease_or_syndrome
pathologic_function	complicates	experimental_model_of_disease
neoplastic_process	process_of	cell_or_molecular_dysfunction
clinical_attribute	result_of	mental_process
biologic_function	affects	pathologic_function
neoplastic_process	affects	human
drug_delivery_device	treats	congenital_abnormality
physiologic_function	affects	clinical_attribute
professional_or_occupational_group	interacts_with	age_group
cell_or_molecular_dysfunction	isa	natural_phenomenon_or_process
congenital_abnormality	result_of	cell_function
vitamin	interacts_with	immunologic_factor
organization	isa	conceptual_entity
biomedical_or_dental_material	interacts_with	neuroreactive_substance_or_biogenic_amine
group	performs	occupational_activity
finding	associated_with	injury_or_poisoning
qualitative_concept	evaluation_of	behavior
cell_function	process_of	archaeon
hazardous_or_poisonous_substance	complicates	organ_or_tissue_function
cell_component	part_of	organism
immunologic_factor	issue_in	biomedical_occupation_or_discipline
finding	evaluation_of	molecular_function
family_group	performs	molecular_biology_research_technique
organization	carries_out	occupational_activity
experimental_model_of_disease	affects	fungus
behavior	isa	activity
cell_or_molecular_dysfunction	result_of	therapeutic_or_preventive_procedure
lipid	causes	acquired_abnormality
pathologic_function	process_of	bacterium
steroid	interacts_with	eicosanoid
organism_function	result_of	experimental_model_of_disease
mental_process	affects	organ_or_tissue_function
nucleotide_sequence	issue_in	biomedical_occupation_or_discipline
disease_or_syndrome	conceptually_related_to	experimental_model_of_disease
organ_or_tissue_function	produces	biologically_active_substance
organ_or_tissue_function	affects	fungus
receptor	disrupts	organ_or_tissue_function
cell_function	produces	vitamin
anatomical_structure	part_of	alga
age_group	produces	drug_delivery_device
pharmacologic_substance	complicates	mental_process
pathologic_function	affects	human
environmental_effect_of_humans	result_of	molecular_function
chemical	isa	physical_object
pharmacologic_substance	disrupts	mental_process
research_activity	measures	chemical_viewed_structurally
organophosphorus_compound	interacts_with	pharmacologic_substance
therapeutic_or_preventive_procedure	complicates	genetic_function
acquired_abnormality	result_of	social_behavior
congenital_abnormality	result_of	pathologic_function
fish	exhibits	social_behavior
organophosphorus_compound	isa	physical_object
disease_or_syndrome	manifestation_of	physiologic_function
alga	interacts_with	mammal
pathologic_function	complicates	acquired_abnormality
genetic_function	affects	organ_or_tissue_function
body_part_organ_or_organ_component	part_of	rickettsia_or_chlamydia
natural_phenomenon_or_process	result_of	experimental_model_of_disease
food	causes	disease_or_syndrome
age_group	produces	classification
finding	manifestation_of	neoplastic_process
laboratory_procedure	analyzes	body_substance
organism_function	affects	organism_attribute
fully_formed_anatomical_structure	part_of	human
gene_or_genome	produces	biologically_active_substance
immunologic_factor	complicates	cell_function
experimental_model_of_disease	occurs_in	patient_or_disabled_group
cell_component	part_of	plant
diagnostic_procedure	issue_in	occupation_or_discipline
cell	part_of	animal
functional_concept	issue_in	biomedical_occupation_or_discipline
neuroreactive_substance_or_biogenic_amine	affects	cell_or_molecular_dysfunction
population_group	associated_with	congenital_abnormality
molecular_biology_research_technique	measures	amino_acid_peptide_or_protein
molecular_biology_research_technique	measures	pathologic_function
neoplastic_process	process_of	organism_function
congenital_abnormality	affects	virus
gene_or_genome	part_of	cell
chemical	causes	neoplastic_process
genetic_function	result_of	pathologic_function
educational_activity	method_of	biomedical_occupation_or_discipline
organic_chemical	causes	disease_or_syndrome
finding	manifestation_of	cell_or_molecular_dysfunction
therapeutic_or_preventive_procedure	affects	organism_function
organophosphorus_compound	interacts_with	antibiotic
acquired_abnormality	part_of	fungus
hazardous_or_poisonous_substance	causes	neoplastic_process
anatomical_structure	issue_in	biomedical_occupation_or_discipline
behavior	associated_with	age_group
genetic_function	process_of	molecular_function
physiologic_function	process_of	alga
sign_or_symptom	associated_with	cell_or_molecular_dysfunction
laboratory_procedure	measures	immunologic_factor
congenital_abnormality	affects	plant
alga	interacts_with	virus
cell_or_molecular_dysfunction	result_of	individual_behavior
neoplastic_process	process_of	organism
cell	produces	biologically_active_substance
lipid	causes	disease_or_syndrome
temporal_concept	isa	idea_or_concept
mental_or_behavioral_dysfunction	affects	genetic_function
antibiotic	treats	anatomical_abnormality
molecular_function	affects	mental_process
steroid	affects	biologic_function
congenital_abnormality	result_of	organism_function
chemical_viewed_functionally	interacts_with	biologically_active_substance
experimental_model_of_disease	associated_with	organism_attribute
disease_or_syndrome	issue_in	occupation_or_discipline
inorganic_chemical	affects	organism_function
research_activity	associated_with	cell_or_molecular_dysfunction
body_space_or_junction	location_of	congenital_abnormality
experimental_model_of_disease	produces	hormone
natural_phenomenon_or_process	affects	biologic_function
fungus	issue_in	occupation_or_discipline
clinical_attribute	manifestation_of	physiologic_function
amino_acid_peptide_or_protein	affects	experimental_model_of_disease
body_location_or_region	location_of	pathologic_function
antibiotic	affects	cell_function
neuroreactive_substance_or_biogenic_amine	disrupts	genetic_function
molecular_biology_research_technique	method_of	therapeutic_or_preventive_procedure
element_ion_or_isotope	isa	physical_object
finding	evaluation_of	mental_process
amphibian	isa	animal
pharmacologic_substance	disrupts	cell
eicosanoid	causes	cell_or_molecular_dysfunction
anatomical_structure	part_of	invertebrate
food	causes	injury_or_poisoning
experimental_model_of_disease	affects	natural_phenomenon_or_process
patient_or_disabled_group	performs	daily_or_recreational_activity
quantitative_concept	measurement_of	molecular_sequence
vitamin	affects	organism_function
neoplastic_process	process_of	genetic_function
qualitative_concept	evaluation_of	individual_behavior
biologically_active_substance	isa	entity
chemical_viewed_structurally	interacts_with	organophosphorus_compound
self_help_or_relief_organization	carries_out	governmental_or_regulatory_activity
pharmacologic_substance	causes	experimental_model_of_disease
biologically_active_substance	complicates	congenital_abnormality
physiologic_function	result_of	disease_or_syndrome
alga	interacts_with	reptile
behavior	issue_in	biomedical_occupation_or_discipline
natural_phenomenon_or_process	result_of	disease_or_syndrome
neoplastic_process	produces	tissue
acquired_abnormality	part_of	human
cell_function	process_of	natural_phenomenon_or_process
fully_formed_anatomical_structure	part_of	rickettsia_or_chlamydia
mental_process	produces	hormone
bacterium	isa	physical_object
group_attribute	issue_in	occupation_or_discipline
nucleic_acid_nucleoside_or_nucleotide	interacts_with	antibiotic
professional_or_occupational_group	performs	social_behavior
rickettsia_or_chlamydia	interacts_with	bacterium
laboratory_or_test_result	measurement_of	organic_chemical
acquired_abnormality	part_of	reptile
organic_chemical	interacts_with	vitamin
injury_or_poisoning	result_of	human_caused_phenomenon_or_process
genetic_function	result_of	phenomenon_or_process
enzyme	disrupts	body_part_organ_or_organ_component
chemical	causes	anatomical_abnormality
mental_or_behavioral_dysfunction	occurs_in	age_group
diagnostic_procedure	measures	cell_or_molecular_dysfunction
human	isa	mammal
manufactured_object	causes	acquired_abnormality
therapeutic_or_preventive_procedure	associated_with	injury_or_poisoning
organism	issue_in	biomedical_occupation_or_discipline
congenital_abnormality	location_of	mental_or_behavioral_dysfunction
element_ion_or_isotope	interacts_with	indicator_reagent_or_diagnostic_aid
acquired_abnormality	result_of	therapeutic_or_preventive_procedure
embryonic_structure	location_of	disease_or_syndrome
cell_component	produces	receptor
population_group	performs	behavior
injury_or_poisoning	result_of	diagnostic_procedure
